<?xml version="1.0" encoding="utf-8"?>
<Messages>
	<Message severity="INFO" prefix="[SCHED 204-61]" key="SCHED_PIPELINING_STATUS_631" tag="SCHEDULE" content="Option &apos;relax_ii_for_timing&apos; is enabled, will increase II to preserve clock frequency constraints."/>
	<Message severity="INFO" prefix="[HLS 200-10]" key="HLS_10_1312" tag="" content="Analyzing design file &apos;color_convert/color_convert.cpp&apos; ..."/>
	<Message severity="INFO" prefix="[HLS 200-111]" key="HLS_111_965" tag="" content="Finished Linking Time (s): cpu = 00:00:00 ; elapsed = 00:00:15 . Memory (MB): peak = 148.328 ; gain = 56.816"/>
	<Message severity="INFO" prefix="[HLS 200-111]" key="HLS_111_965" tag="" content="Finished Checking Pragmas Time (s): cpu = 00:00:00 ; elapsed = 00:00:15 . Memory (MB): peak = 148.328 ; gain = 56.816"/>
	<Message severity="INFO" prefix="[HLS 200-10]" key="HLS_10_1467" tag="" content="Starting code transformations ..."/>
	<Message severity="INFO" prefix="[HLS 200-111]" key="HLS_111_965" tag="" content="Finished Standard Transforms Time (s): cpu = 00:00:01 ; elapsed = 00:00:16 . Memory (MB): peak = 148.328 ; gain = 56.816"/>
	<Message severity="INFO" prefix="[HLS 200-10]" key="HLS_10_1472" tag="" content="Checking synthesizability ..."/>
	<Message severity="INFO" prefix="[HLS 200-111]" key="HLS_111_965" tag="" content="Finished Checking Synthesizability Time (s): cpu = 00:00:01 ; elapsed = 00:00:16 . Memory (MB): peak = 148.328 ; gain = 56.816"/>
	<Message severity="INFO" prefix="[XFORM 203-1101]" key="XFORM_DATA_PACK_STATUS_345" tag="" content="Packing variable &apos;stream_out_24.data&apos; (color_convert/color_convert.cpp:26) into a 24-bit variable."/>
	<Message severity="INFO" prefix="[XFORM 203-1101]" key="XFORM_DATA_PACK_STATUS_345" tag="" content="Packing variable &apos;stream_in_24.data&apos; (color_convert/color_convert.cpp:26) into a 24-bit variable."/>
	<Message severity="INFO" prefix="[XFORM 203-401]" key="XFORM_IFCONV_STATUS_239" tag="" content="Performing if-conversion on hyperblock to (color_convert/color_convert.cpp:53:1) in function &apos;color_convert&apos;... converting 13 basic blocks."/>
	<Message severity="INFO" prefix="[HLS 200-111]" key="HLS_111_965" tag="" content="Finished Pre-synthesis Time (s): cpu = 00:00:01 ; elapsed = 00:00:16 . Memory (MB): peak = 159.793 ; gain = 68.281"/>
	<Message severity="INFO" prefix="[HLS 200-111]" key="HLS_111_965" tag="" content="Finished Architecture Synthesis Time (s): cpu = 00:00:01 ; elapsed = 00:00:16 . Memory (MB): peak = 161.312 ; gain = 69.801"/>
	<Message severity="INFO" prefix="[HLS 200-10]" key="HLS_10_1317" tag="" content="Starting hardware synthesis ..."/>
	<Message severity="INFO" prefix="[HLS 200-10]" key="HLS_10_1385" tag="" content="Synthesizing &apos;color_convert&apos; ..."/>
	<Message severity="INFO" prefix="[HLS 200-10]" key="HLS_10_1477" tag="" content="----------------------------------------------------------------"/>
	<Message severity="INFO" prefix="[HLS 200-42]" key="HLS_42_1438" tag="" content="-- Implementing module &apos;color_convert&apos;"/>
	<Message severity="INFO" prefix="[HLS 200-10]" key="HLS_10_1478" tag="" content="----------------------------------------------------------------"/>
	<Message severity="INFO" prefix="[SCHED 204-11]" key="SCHED_SCHED_STATUS_597" tag="" content="Starting scheduling ..."/>
	<Message severity="INFO" prefix="[SCHED 204-61]" key="SCHED_PIPELINING_STATUS_46" tag="" content="Pipelining function &apos;color_convert&apos;."/>
	<Message severity="INFO" prefix="[SCHED 204-61]" key="SCHED_PIPELINING_STATUS_44" tag="" content="Pipelining result : Target II = 1, Final II = 1, Depth = 7."/>
	<Message severity="WARNING" prefix="[SCHED 204-21]" key="SCHED_DELAY_EXCEEDED_76" tag="SDX_KERNEL,SCHEDULE" content="Estimated clock period (6.38ns) exceeds the target (target clock period: 7ns, clock uncertainty: 0.875ns, effective delay budget: 6.125ns)."/>
	<Message severity="WARNING" prefix="[SCHED 204-21]" key="SCHED_DELAY_EXCEEDED_74" tag="SDX_KERNEL,SCHEDULE" content="The critical path in module &apos;color_convert&apos; consists of the following:
	&apos;mul&apos; operation of DSP[74] (&apos;r.V&apos;, color_convert/color_convert.cpp:46) [71]  (3.36 ns)
	&apos;add&apos; operation of DSP[74] (&apos;ret.V&apos;, color_convert/color_convert.cpp:46) [74]  (3.02 ns)"/>
	<Message severity="INFO" prefix="[SCHED 204-11]" key="SCHED_SCHED_STATUS_596" tag="" content="Finished scheduling."/>
	<Message severity="INFO" prefix="[HLS 200-111]" key="HLS_111_966" tag="" content=" Elapsed time: 16.511 seconds; current allocated memory: 104.277 MB."/>
	<Message severity="INFO" prefix="[BIND 205-100]" key="BIND_100_926" tag="" content="Starting micro-architecture generation ..."/>
	<Message severity="INFO" prefix="[BIND 205-101]" key="BIND_101_698" tag="" content="Performing variable lifetime analysis."/>
	<Message severity="INFO" prefix="[BIND 205-101]" key="BIND_101_697" tag="" content="Exploring resource sharing."/>
	<Message severity="INFO" prefix="[BIND 205-101]" key="BIND_101_693" tag="" content="Binding ..."/>
	<Message severity="INFO" prefix="[BIND 205-100]" key="BIND_100_925" tag="" content="Finished micro-architecture generation."/>
	<Message severity="INFO" prefix="[HLS 200-111]" key="HLS_111_966" tag="" content=" Elapsed time: 0.117 seconds; current allocated memory: 104.873 MB."/>
	<Message severity="INFO" prefix="[HLS 200-10]" key="HLS_10_1483" tag="" content="----------------------------------------------------------------"/>
	<Message severity="INFO" prefix="[HLS 200-10]" key="HLS_10_1484" tag="" content="-- Generating RTL for module &apos;color_convert&apos;"/>
	<Message severity="INFO" prefix="[HLS 200-10]" key="HLS_10_1485" tag="" content="----------------------------------------------------------------"/>
	<Message severity="INFO" prefix="[RTGEN 206-500]" key="PREPROC_IO_COMP_CONFLICT_1950" tag="" content="Setting interface mode on port &apos;color_convert/stream_in_24_data&apos; to &apos;axis&apos; (register, both mode)."/>
	<Message severity="INFO" prefix="[RTGEN 206-500]" key="PREPROC_IO_COMP_CONFLICT_1950" tag="" content="Setting interface mode on port &apos;color_convert/stream_in_24_user_V&apos; to &apos;axis&apos; (register, both mode)."/>
	<Message severity="INFO" prefix="[RTGEN 206-500]" key="PREPROC_IO_COMP_CONFLICT_1950" tag="" content="Setting interface mode on port &apos;color_convert/stream_in_24_last_V&apos; to &apos;axis&apos; (register, both mode)."/>
	<Message severity="INFO" prefix="[RTGEN 206-500]" key="PREPROC_IO_COMP_CONFLICT_1950" tag="" content="Setting interface mode on port &apos;color_convert/stream_out_24_data&apos; to &apos;axis&apos; (register, both mode)."/>
	<Message severity="INFO" prefix="[RTGEN 206-500]" key="PREPROC_IO_COMP_CONFLICT_1950" tag="" content="Setting interface mode on port &apos;color_convert/stream_out_24_user_V&apos; to &apos;axis&apos; (register, both mode)."/>
	<Message severity="INFO" prefix="[RTGEN 206-500]" key="PREPROC_IO_COMP_CONFLICT_1950" tag="" content="Setting interface mode on port &apos;color_convert/stream_out_24_last_V&apos; to &apos;axis&apos; (register, both mode)."/>
	<Message severity="INFO" prefix="[RTGEN 206-500]" key="PREPROC_IO_COMP_CONFLICT_1950" tag="" content="Setting interface mode on port &apos;color_convert/c1_c1_V&apos; to &apos;s_axilite &amp; ap_none&apos; (register)."/>
	<Message severity="INFO" prefix="[RTGEN 206-500]" key="PREPROC_IO_COMP_CONFLICT_1950" tag="" content="Setting interface mode on port &apos;color_convert/c1_c2_V&apos; to &apos;s_axilite &amp; ap_none&apos; (register)."/>
	<Message severity="INFO" prefix="[RTGEN 206-500]" key="PREPROC_IO_COMP_CONFLICT_1950" tag="" content="Setting interface mode on port &apos;color_convert/c1_c3_V&apos; to &apos;s_axilite &amp; ap_none&apos; (register)."/>
	<Message severity="INFO" prefix="[RTGEN 206-500]" key="PREPROC_IO_COMP_CONFLICT_1950" tag="" content="Setting interface mode on port &apos;color_convert/c2_c1_V&apos; to &apos;s_axilite &amp; ap_none&apos; (register)."/>
	<Message severity="INFO" prefix="[RTGEN 206-500]" key="PREPROC_IO_COMP_CONFLICT_1950" tag="" content="Setting interface mode on port &apos;color_convert/c2_c2_V&apos; to &apos;s_axilite &amp; ap_none&apos; (register)."/>
	<Message severity="INFO" prefix="[RTGEN 206-500]" key="PREPROC_IO_COMP_CONFLICT_1950" tag="" content="Setting interface mode on port &apos;color_convert/c2_c3_V&apos; to &apos;s_axilite &amp; ap_none&apos; (register)."/>
	<Message severity="INFO" prefix="[RTGEN 206-500]" key="PREPROC_IO_COMP_CONFLICT_1950" tag="" content="Setting interface mode on port &apos;color_convert/c3_c1_V&apos; to &apos;s_axilite &amp; ap_none&apos; (register)."/>
	<Message severity="INFO" prefix="[RTGEN 206-500]" key="PREPROC_IO_COMP_CONFLICT_1950" tag="" content="Setting interface mode on port &apos;color_convert/c3_c2_V&apos; to &apos;s_axilite &amp; ap_none&apos; (register)."/>
	<Message severity="INFO" prefix="[RTGEN 206-500]" key="PREPROC_IO_COMP_CONFLICT_1950" tag="" content="Setting interface mode on port &apos;color_convert/c3_c3_V&apos; to &apos;s_axilite &amp; ap_none&apos; (register)."/>
	<Message severity="INFO" prefix="[RTGEN 206-500]" key="PREPROC_IO_COMP_CONFLICT_1950" tag="" content="Setting interface mode on port &apos;color_convert/bias_c1_V&apos; to &apos;s_axilite &amp; ap_none&apos; (register)."/>
	<Message severity="INFO" prefix="[RTGEN 206-500]" key="PREPROC_IO_COMP_CONFLICT_1950" tag="" content="Setting interface mode on port &apos;color_convert/bias_c2_V&apos; to &apos;s_axilite &amp; ap_none&apos; (register)."/>
	<Message severity="INFO" prefix="[RTGEN 206-500]" key="PREPROC_IO_COMP_CONFLICT_1950" tag="" content="Setting interface mode on port &apos;color_convert/bias_c3_V&apos; to &apos;s_axilite &amp; ap_none&apos; (register)."/>
	<Message severity="INFO" prefix="[RTGEN 206-500]" key="PREPROC_IO_COMP_CONFLICT_1950" tag="" content="Setting interface mode on function &apos;color_convert&apos; to &apos;ap_ctrl_none&apos;."/>
	<Message severity="INFO" prefix="[RTGEN 206-100]" key="RTGEN_100_851" tag="" content="Bundling port &apos;c1_c1_V&apos;, &apos;c1_c2_V&apos;, &apos;c1_c3_V&apos;, &apos;c2_c1_V&apos;, &apos;c2_c2_V&apos;, &apos;c2_c3_V&apos;, &apos;c3_c1_V&apos;, &apos;c3_c2_V&apos;, &apos;c3_c3_V&apos;, &apos;bias_c1_V&apos;, &apos;bias_c2_V&apos; and &apos;bias_c3_V&apos; to AXI-Lite port AXILiteS."/>
	<Message severity="INFO" prefix="[RTGEN 206-100]" key="RTGEN_100_850" tag="" content="Generated clock port &apos;control&apos; for AXI-Lite bundle &apos;AXILiteS&apos;."/>
	<Message severity="INFO" prefix="[SYN 201-210]" key="SYN_210_889" tag="" content="Renamed object name &apos;color_convert_mac_muladd_8ns_10s_18s_19_1_1&apos; to &apos;color_convert_macbkb&apos; due to the length limit 20"/>
	<Message severity="INFO" prefix="[SYN 201-210]" key="SYN_210_889" tag="" content="Renamed object name &apos;color_convert_mac_muladd_8ns_10s_19s_20_1_1&apos; to &apos;color_convert_maccud&apos; due to the length limit 20"/>
	<Message severity="INFO" prefix="[RTGEN 206-100]" key="RTGEN_100_855" tag="" content="Generating core module &apos;color_convert_macbkb&apos;: 3 instance(s)."/>
	<Message severity="INFO" prefix="[RTGEN 206-100]" key="RTGEN_100_855" tag="" content="Generating core module &apos;color_convert_maccud&apos;: 3 instance(s)."/>
	<Message severity="INFO" prefix="[RTGEN 206-100]" key="RTGEN_100_856" tag="" content="Finished creating RTL model for &apos;color_convert&apos;."/>
	<Message severity="INFO" prefix="[HLS 200-111]" key="HLS_111_966" tag="" content=" Elapsed time: 0.318 seconds; current allocated memory: 106.750 MB."/>
	<Message severity="INFO" prefix="[HLS 200-111]" key="HLS_111_965" tag="" content="Finished generating all RTL models Time (s): cpu = 00:00:03 ; elapsed = 00:00:19 . Memory (MB): peak = 167.270 ; gain = 75.758"/>
	<Message severity="INFO" prefix="[VHDL 208-304]" key="VHDL_304_1066" tag="" content="Generating VHDL RTL for color_convert."/>
	<Message severity="INFO" prefix="[VLOG 209-307]" key="VLOG_307_1067" tag="" content="Generating Verilog RTL for color_convert."/>
</Messages>
