<profile>

<section name = "Vivado HLS Report for 'color_convert'" level="0">
<item name = "Date">Mon Nov  7 13:04:22 2022
</item>
<item name = "Version">2019.1 (Build 2552052 on Fri May 24 15:28:33 MDT 2019)</item>
<item name = "Project">color_convert</item>
<item name = "Solution">solution1</item>
<item name = "Product family">zynq</item>
<item name = "Target device">xc7z020-clg400-1</item>
</section>

<section name = "Performance Estimates" level="0">
<item name = "Timing (ns)">
<section name = "" level="1">
<item name = "Summary"><table name="" hasTotal="0">
<keys size="4">Clock, Target, Estimated, Uncertainty</keys>
<column name="ap_clk">7.00, 6.380, 0.88</column>
</table>
</item>
</section>
</item>
<item name = "Latency (clock cycles)">
<section name = "" level="1">
<item name = "Summary"><table name="" hasTotal="0">
<keys size="6">, min, max, min, max, Type</keys>
<column name="">6, 6, 1, 1, function</column>
</table>
</item>
<item name = "Detail">
<section name = "" level="1">
<item name = "Instance"><table name="" hasTotal="0">
<keys size="7">Instance, Module, min, max, min, max, Type</keys>
</table>
</item>
<item name = "Loop"><table name="" hasTotal="0">
<keys size="8">Loop Name, min, max, Latency, achieved, target, Count, Pipelined</keys>
</table>
</item>
</section>
</item>
</section>
</item>
</section>

<section name = "Utilization Estimates" level="0">
<item name = "Summary"><table name="" hasTotal="1">
<keys size="6">Name, BRAM_18K, DSP48E, FF, LUT, URAM</keys>
<column name="DSP">-, 6, -, -, -</column>
<column name="Expression">-, 0, 0, 593, -</column>
<column name="FIFO">-, -, -, -, -</column>
<column name="Instance">0, -, 222, 280, -</column>
<column name="Memory">-, -, -, -, -</column>
<column name="Multiplexer">-, -, -, 162, -</column>
<column name="Register">0, -, 1005, 192, -</column>
<specialColumn name="Available">280, 220, 106400, 53200, 0</specialColumn>
<specialColumn name="Utilization (%)">0, 2, 1, 2, 0</specialColumn>
</table>
</item>
<item name = "Detail">
<section name = "" level="1">
<item name = "Instance"><table name="" hasTotal="1">
<keys size="7">Instance, Module, BRAM_18K, DSP48E, FF, LUT, URAM</keys>
<column name="color_convert_AXILiteS_s_axi_U">color_convert_AXILiteS_s_axi, 0, 0, 222, 280, 0</column>
</table>
</item>
<item name = "DSP48E"><table name="" hasTotal="0">
<keys size="3">Instance, Module, Expression</keys>
<column name="color_convert_macbkb_U1">color_convert_macbkb, i0 + i1 * i2</column>
<column name="color_convert_macbkb_U2">color_convert_macbkb, i0 + i1 * i2</column>
<column name="color_convert_macbkb_U3">color_convert_macbkb, i0 + i1 * i2</column>
<column name="color_convert_maccud_U4">color_convert_maccud, i0 * i1 + i2</column>
<column name="color_convert_maccud_U5">color_convert_maccud, i0 * i1 + i2</column>
<column name="color_convert_maccud_U6">color_convert_maccud, i0 * i1 + i2</column>
</table>
</item>
<item name = "Memory"><table name="" hasTotal="1">
<keys size="10">Memory, Module, BRAM_18K, FF, LUT, URAM, Words, Bits, Banks, W*Bits*Banks</keys>
</table>
</item>
<item name = "FIFO"><table name="" hasTotal="1">
<keys size="8">Name, BRAM_18K, FF, LUT, URAM, Depth, Bits, Size:D*B</keys>
</table>
</item>
<item name = "Expression"><table name="" hasTotal="1">
<keys size="7">Variable Name, Operation, DSP48E, FF, LUT, Bitwidth P0, Bitwidth P1</keys>
<column name="r_V_12_fu_246_p2">*, 0, 0, 63, 8, 10</column>
<column name="r_V_16_fu_259_p2">*, 0, 0, 63, 8, 10</column>
<column name="r_V_19_fu_269_p2">*, 0, 0, 63, 8, 10</column>
<column name="p_Val2_15_fu_490_p2">+, 0, 0, 15, 8, 8</column>
<column name="p_Val2_23_fu_612_p2">+, 0, 0, 15, 8, 8</column>
<column name="p_Val2_7_fu_368_p2">+, 0, 0, 15, 8, 8</column>
<column name="ret_V_10_fu_447_p2">+, 0, 0, 27, 20, 20</column>
<column name="ret_V_13_fu_569_p2">+, 0, 0, 27, 20, 20</column>
<column name="ret_V_8_fu_325_p2">+, 0, 0, 27, 20, 20</column>
<column name="and_ln340_1_fu_763_p2">and, 0, 0, 2, 1, 1</column>
<column name="and_ln340_2_fu_821_p2">and, 0, 0, 2, 1, 1</column>
<column name="and_ln340_fu_705_p2">and, 0, 0, 2, 1, 1</column>
<column name="and_ln781_1_fu_546_p2">and, 0, 0, 2, 1, 1</column>
<column name="and_ln781_2_fu_668_p2">and, 0, 0, 2, 1, 1</column>
<column name="and_ln781_fu_424_p2">and, 0, 0, 2, 1, 1</column>
<column name="carry_1_fu_388_p2">and, 0, 0, 2, 1, 1</column>
<column name="carry_3_fu_510_p2">and, 0, 0, 2, 1, 1</column>
<column name="carry_5_fu_632_p2">and, 0, 0, 2, 1, 1</column>
<column name="neg_src_6_fu_743_p2">and, 0, 0, 2, 1, 1</column>
<column name="neg_src_7_fu_801_p2">and, 0, 0, 2, 1, 1</column>
<column name="neg_src_fu_685_p2">and, 0, 0, 2, 1, 1</column>
<column name="stream_in_24_data_0_load_A">and, 0, 0, 2, 1, 1</column>
<column name="stream_in_24_data_0_load_B">and, 0, 0, 2, 1, 1</column>
<column name="stream_in_24_last_V_0_load_A">and, 0, 0, 2, 1, 1</column>
<column name="stream_in_24_last_V_0_load_B">and, 0, 0, 2, 1, 1</column>
<column name="stream_in_24_user_V_0_load_A">and, 0, 0, 2, 1, 1</column>
<column name="stream_in_24_user_V_0_load_B">and, 0, 0, 2, 1, 1</column>
<column name="stream_out_24_data_1_load_A">and, 0, 0, 2, 1, 1</column>
<column name="stream_out_24_data_1_load_B">and, 0, 0, 2, 1, 1</column>
<column name="stream_out_24_last_V_1_load_A">and, 0, 0, 2, 1, 1</column>
<column name="stream_out_24_last_V_1_load_B">and, 0, 0, 2, 1, 1</column>
<column name="stream_out_24_user_V_1_load_A">and, 0, 0, 2, 1, 1</column>
<column name="stream_out_24_user_V_1_load_B">and, 0, 0, 2, 1, 1</column>
<column name="Range1_all_ones_1_fu_526_p2">icmp, 0, 0, 9, 4, 2</column>
<column name="Range1_all_ones_2_fu_648_p2">icmp, 0, 0, 9, 4, 2</column>
<column name="Range1_all_ones_fu_404_p2">icmp, 0, 0, 9, 4, 2</column>
<column name="Range1_all_zeros_1_fu_532_p2">icmp, 0, 0, 9, 4, 1</column>
<column name="Range1_all_zeros_2_fu_654_p2">icmp, 0, 0, 9, 4, 1</column>
<column name="Range1_all_zeros_fu_410_p2">icmp, 0, 0, 9, 4, 1</column>
<column name="stream_in_24_data_0_state_cmp_full">icmp, 0, 0, 8, 2, 1</column>
<column name="stream_in_24_last_V_0_state_cmp_full">icmp, 0, 0, 8, 2, 1</column>
<column name="stream_in_24_user_V_0_state_cmp_full">icmp, 0, 0, 8, 2, 1</column>
<column name="stream_out_24_data_1_state_cmp_full">icmp, 0, 0, 8, 2, 1</column>
<column name="stream_out_24_last_V_1_state_cmp_full">icmp, 0, 0, 8, 2, 1</column>
<column name="stream_out_24_user_V_1_state_cmp_full">icmp, 0, 0, 8, 2, 1</column>
<column name="ap_block_pp0_stage0_01001">or, 0, 0, 2, 1, 1</column>
<column name="ap_block_pp0_stage0_11001">or, 0, 0, 2, 1, 1</column>
<column name="ap_block_state7_pp0_stage0_iter6">or, 0, 0, 2, 1, 1</column>
<column name="or_ln340_1_fu_768_p2">or, 0, 0, 2, 1, 1</column>
<column name="or_ln340_2_fu_826_p2">or, 0, 0, 2, 1, 1</column>
<column name="or_ln340_3_fu_700_p2">or, 0, 0, 2, 1, 1</column>
<column name="or_ln340_4_fu_758_p2">or, 0, 0, 2, 1, 1</column>
<column name="or_ln340_5_fu_816_p2">or, 0, 0, 2, 1, 1</column>
<column name="or_ln340_fu_710_p2">or, 0, 0, 2, 1, 1</column>
<column name="or_ln785_1_fu_552_p2">or, 0, 0, 2, 1, 1</column>
<column name="or_ln785_2_fu_674_p2">or, 0, 0, 2, 1, 1</column>
<column name="or_ln785_fu_430_p2">or, 0, 0, 2, 1, 1</column>
<column name="deleted_zeros_1_fu_538_p3">select, 0, 0, 2, 1, 1</column>
<column name="deleted_zeros_2_fu_660_p3">select, 0, 0, 2, 1, 1</column>
<column name="deleted_zeros_fu_416_p3">select, 0, 0, 2, 1, 1</column>
<column name="out1_V_fu_730_p3">select, 0, 0, 8, 1, 8</column>
<column name="out2_V_fu_788_p3">select, 0, 0, 8, 1, 8</column>
<column name="out3_V_fu_846_p3">select, 0, 0, 8, 1, 8</column>
<column name="select_ln340_1_fu_774_p3">select, 0, 0, 8, 1, 8</column>
<column name="select_ln340_2_fu_832_p3">select, 0, 0, 8, 1, 8</column>
<column name="select_ln340_fu_716_p3">select, 0, 0, 8, 1, 8</column>
<column name="select_ln396_1_fu_781_p3">select, 0, 0, 8, 1, 1</column>
<column name="select_ln396_2_fu_839_p3">select, 0, 0, 8, 1, 1</column>
<column name="select_ln396_fu_723_p3">select, 0, 0, 8, 1, 1</column>
<column name="ap_enable_pp0">xor, 0, 0, 2, 1, 2</column>
<column name="overflow_1_fu_748_p2">xor, 0, 0, 2, 1, 2</column>
<column name="overflow_2_fu_806_p2">xor, 0, 0, 2, 1, 2</column>
<column name="overflow_fu_690_p2">xor, 0, 0, 2, 1, 2</column>
<column name="xor_ln340_1_fu_695_p2">xor, 0, 0, 2, 1, 2</column>
<column name="xor_ln340_2_fu_811_p2">xor, 0, 0, 2, 1, 2</column>
<column name="xor_ln340_fu_753_p2">xor, 0, 0, 2, 1, 2</column>
<column name="xor_ln416_1_fu_504_p2">xor, 0, 0, 2, 1, 2</column>
<column name="xor_ln416_2_fu_626_p2">xor, 0, 0, 2, 1, 2</column>
<column name="xor_ln416_fu_382_p2">xor, 0, 0, 2, 1, 2</column>
<column name="xor_ln781_1_fu_738_p2">xor, 0, 0, 2, 2, 1</column>
<column name="xor_ln781_2_fu_796_p2">xor, 0, 0, 2, 2, 1</column>
<column name="xor_ln781_fu_680_p2">xor, 0, 0, 2, 2, 1</column>
</table>
</item>
<item name = "Multiplexer"><table name="" hasTotal="1">
<keys size="5">Name, LUT, Input Size, Bits, Total Bits</keys>
<column name="stream_in_24_TDATA_blk_n">9, 2, 1, 2</column>
<column name="stream_in_24_data_0_data_out">9, 2, 24, 48</column>
<column name="stream_in_24_data_0_state">15, 3, 2, 6</column>
<column name="stream_in_24_last_V_0_data_out">9, 2, 1, 2</column>
<column name="stream_in_24_last_V_0_state">15, 3, 2, 6</column>
<column name="stream_in_24_user_V_0_data_out">9, 2, 1, 2</column>
<column name="stream_in_24_user_V_0_state">15, 3, 2, 6</column>
<column name="stream_out_24_TDATA_blk_n">9, 2, 1, 2</column>
<column name="stream_out_24_data_1_data_out">9, 2, 24, 48</column>
<column name="stream_out_24_data_1_state">15, 3, 2, 6</column>
<column name="stream_out_24_last_V_1_data_out">9, 2, 1, 2</column>
<column name="stream_out_24_last_V_1_state">15, 3, 2, 6</column>
<column name="stream_out_24_user_V_1_data_out">9, 2, 1, 2</column>
<column name="stream_out_24_user_V_1_state">15, 3, 2, 6</column>
</table>
</item>
<item name = "Register"><table name="" hasTotal="1">
<keys size="5">Name, FF, LUT, Bits, Const Bits</keys>
<column name="and_ln781_1_reg_1072">1, 0, 1, 0</column>
<column name="and_ln781_2_reg_1096">1, 0, 1, 0</column>
<column name="and_ln781_reg_1048">1, 0, 1, 0</column>
<column name="ap_CS_fsm">1, 0, 1, 0</column>
<column name="ap_enable_reg_pp0_iter1">1, 0, 1, 0</column>
<column name="ap_enable_reg_pp0_iter2">1, 0, 1, 0</column>
<column name="ap_enable_reg_pp0_iter3">1, 0, 1, 0</column>
<column name="ap_enable_reg_pp0_iter4">1, 0, 1, 0</column>
<column name="ap_enable_reg_pp0_iter5">1, 0, 1, 0</column>
<column name="ap_enable_reg_pp0_iter6">1, 0, 1, 0</column>
<column name="bias_c1_V_0_data_reg">10, 0, 10, 0</column>
<column name="bias_c1_V_0_vld_reg">0, 0, 1, 1</column>
<column name="bias_c1_V_read_reg_945">10, 0, 10, 0</column>
<column name="bias_c2_V_0_data_reg">10, 0, 10, 0</column>
<column name="bias_c2_V_0_vld_reg">0, 0, 1, 1</column>
<column name="bias_c2_V_read_reg_940">10, 0, 10, 0</column>
<column name="bias_c3_V_0_data_reg">10, 0, 10, 0</column>
<column name="bias_c3_V_0_vld_reg">0, 0, 1, 1</column>
<column name="bias_c3_V_read_reg_935">10, 0, 10, 0</column>
<column name="c1_c1_V_0_data_reg">10, 0, 10, 0</column>
<column name="c1_c1_V_0_vld_reg">0, 0, 1, 1</column>
<column name="c1_c2_V_0_data_reg">10, 0, 10, 0</column>
<column name="c1_c2_V_0_vld_reg">0, 0, 1, 1</column>
<column name="c1_c2_V_read_reg_975">10, 0, 10, 0</column>
<column name="c1_c3_V_0_data_reg">10, 0, 10, 0</column>
<column name="c1_c3_V_0_vld_reg">0, 0, 1, 1</column>
<column name="c1_c3_V_read_reg_970">10, 0, 10, 0</column>
<column name="c1_c3_V_read_reg_970_pp0_iter2_reg">10, 0, 10, 0</column>
<column name="c2_c1_V_0_data_reg">10, 0, 10, 0</column>
<column name="c2_c1_V_0_vld_reg">0, 0, 1, 1</column>
<column name="c2_c1_V_read_reg_965">10, 0, 10, 0</column>
<column name="c2_c2_V_0_data_reg">10, 0, 10, 0</column>
<column name="c2_c2_V_0_vld_reg">0, 0, 1, 1</column>
<column name="c2_c3_V_0_data_reg">10, 0, 10, 0</column>
<column name="c2_c3_V_0_vld_reg">0, 0, 1, 1</column>
<column name="c2_c3_V_read_reg_960">10, 0, 10, 0</column>
<column name="c2_c3_V_read_reg_960_pp0_iter2_reg">10, 0, 10, 0</column>
<column name="c3_c1_V_0_data_reg">10, 0, 10, 0</column>
<column name="c3_c1_V_0_vld_reg">0, 0, 1, 1</column>
<column name="c3_c1_V_read_reg_955">10, 0, 10, 0</column>
<column name="c3_c2_V_0_data_reg">10, 0, 10, 0</column>
<column name="c3_c2_V_0_vld_reg">0, 0, 1, 1</column>
<column name="c3_c3_V_0_data_reg">10, 0, 10, 0</column>
<column name="c3_c3_V_0_vld_reg">0, 0, 1, 1</column>
<column name="c3_c3_V_read_reg_950">10, 0, 10, 0</column>
<column name="c3_c3_V_read_reg_950_pp0_iter2_reg">10, 0, 10, 0</column>
<column name="or_ln785_1_reg_1078">1, 0, 1, 0</column>
<column name="or_ln785_2_reg_1102">1, 0, 1, 0</column>
<column name="or_ln785_reg_1054">1, 0, 1, 0</column>
<column name="p_Repl2_1_reg_925">8, 0, 8, 0</column>
<column name="p_Repl2_2_reg_930">8, 0, 8, 0</column>
<column name="p_Repl2_s_reg_920">8, 0, 8, 0</column>
<column name="p_Result_2_reg_1060">1, 0, 1, 0</column>
<column name="p_Result_4_reg_1084">1, 0, 1, 0</column>
<column name="p_Result_s_reg_1036">1, 0, 1, 0</column>
<column name="p_Val2_15_reg_1066">8, 0, 8, 0</column>
<column name="p_Val2_23_reg_1090">8, 0, 8, 0</column>
<column name="p_Val2_7_reg_1042">8, 0, 8, 0</column>
<column name="r_V_12_reg_986">18, 0, 18, 0</column>
<column name="r_V_16_reg_996">18, 0, 18, 0</column>
<column name="r_V_19_reg_1001">18, 0, 18, 0</column>
<column name="r_V_2_reg_991">8, 0, 18, 10</column>
<column name="r_V_reg_980">8, 0, 18, 10</column>
<column name="ret_V_11_reg_1016">19, 0, 19, 0</column>
<column name="ret_V_12_reg_1031">20, 0, 20, 0</column>
<column name="ret_V_6_reg_1006">19, 0, 19, 0</column>
<column name="ret_V_7_reg_1021">20, 0, 20, 0</column>
<column name="ret_V_9_reg_1026">20, 0, 20, 0</column>
<column name="ret_V_reg_1011">19, 0, 19, 0</column>
<column name="stream_in_24_data_0_payload_A">24, 0, 24, 0</column>
<column name="stream_in_24_data_0_payload_B">24, 0, 24, 0</column>
<column name="stream_in_24_data_0_sel_rd">1, 0, 1, 0</column>
<column name="stream_in_24_data_0_sel_wr">1, 0, 1, 0</column>
<column name="stream_in_24_data_0_state">2, 0, 2, 0</column>
<column name="stream_in_24_last_V_0_payload_A">1, 0, 1, 0</column>
<column name="stream_in_24_last_V_0_payload_B">1, 0, 1, 0</column>
<column name="stream_in_24_last_V_0_sel_rd">1, 0, 1, 0</column>
<column name="stream_in_24_last_V_0_sel_wr">1, 0, 1, 0</column>
<column name="stream_in_24_last_V_0_state">2, 0, 2, 0</column>
<column name="stream_in_24_last_V_s_reg_915">1, 0, 1, 0</column>
<column name="stream_in_24_user_V_0_payload_A">1, 0, 1, 0</column>
<column name="stream_in_24_user_V_0_payload_B">1, 0, 1, 0</column>
<column name="stream_in_24_user_V_0_sel_rd">1, 0, 1, 0</column>
<column name="stream_in_24_user_V_0_sel_wr">1, 0, 1, 0</column>
<column name="stream_in_24_user_V_0_state">2, 0, 2, 0</column>
<column name="stream_in_24_user_V_s_reg_910">1, 0, 1, 0</column>
<column name="stream_out_24_data_1_payload_A">24, 0, 24, 0</column>
<column name="stream_out_24_data_1_payload_B">24, 0, 24, 0</column>
<column name="stream_out_24_data_1_sel_rd">1, 0, 1, 0</column>
<column name="stream_out_24_data_1_sel_wr">1, 0, 1, 0</column>
<column name="stream_out_24_data_1_state">2, 0, 2, 0</column>
<column name="stream_out_24_last_V_1_payload_A">1, 0, 1, 0</column>
<column name="stream_out_24_last_V_1_payload_B">1, 0, 1, 0</column>
<column name="stream_out_24_last_V_1_sel_rd">1, 0, 1, 0</column>
<column name="stream_out_24_last_V_1_sel_wr">1, 0, 1, 0</column>
<column name="stream_out_24_last_V_1_state">2, 0, 2, 0</column>
<column name="stream_out_24_user_V_1_payload_A">1, 0, 1, 0</column>
<column name="stream_out_24_user_V_1_payload_B">1, 0, 1, 0</column>
<column name="stream_out_24_user_V_1_sel_rd">1, 0, 1, 0</column>
<column name="stream_out_24_user_V_1_sel_wr">1, 0, 1, 0</column>
<column name="stream_out_24_user_V_1_state">2, 0, 2, 0</column>
<column name="bias_c1_V_read_reg_945">64, 32, 10, 0</column>
<column name="bias_c2_V_read_reg_940">64, 32, 10, 0</column>
<column name="bias_c3_V_read_reg_935">64, 32, 10, 0</column>
<column name="p_Repl2_2_reg_930">64, 32, 8, 0</column>
<column name="stream_in_24_last_V_s_reg_915">64, 32, 1, 0</column>
<column name="stream_in_24_user_V_s_reg_910">64, 32, 1, 0</column>
</table>
</item>
</section>
</item>
</section>

<section name = "Interface" level="0">
<item name = "Summary"><table name="" hasTotal="0">
<keys size="6">RTL Ports, Dir, Bits, Protocol, Source Object, C Type</keys>
<column name="s_axi_AXILiteS_AWVALID">in, 1, s_axi, AXILiteS, scalar</column>
<column name="s_axi_AXILiteS_AWREADY">out, 1, s_axi, AXILiteS, scalar</column>
<column name="s_axi_AXILiteS_AWADDR">in, 7, s_axi, AXILiteS, scalar</column>
<column name="s_axi_AXILiteS_WVALID">in, 1, s_axi, AXILiteS, scalar</column>
<column name="s_axi_AXILiteS_WREADY">out, 1, s_axi, AXILiteS, scalar</column>
<column name="s_axi_AXILiteS_WDATA">in, 32, s_axi, AXILiteS, scalar</column>
<column name="s_axi_AXILiteS_WSTRB">in, 4, s_axi, AXILiteS, scalar</column>
<column name="s_axi_AXILiteS_ARVALID">in, 1, s_axi, AXILiteS, scalar</column>
<column name="s_axi_AXILiteS_ARREADY">out, 1, s_axi, AXILiteS, scalar</column>
<column name="s_axi_AXILiteS_ARADDR">in, 7, s_axi, AXILiteS, scalar</column>
<column name="s_axi_AXILiteS_RVALID">out, 1, s_axi, AXILiteS, scalar</column>
<column name="s_axi_AXILiteS_RREADY">in, 1, s_axi, AXILiteS, scalar</column>
<column name="s_axi_AXILiteS_RDATA">out, 32, s_axi, AXILiteS, scalar</column>
<column name="s_axi_AXILiteS_RRESP">out, 2, s_axi, AXILiteS, scalar</column>
<column name="s_axi_AXILiteS_BVALID">out, 1, s_axi, AXILiteS, scalar</column>
<column name="s_axi_AXILiteS_BREADY">in, 1, s_axi, AXILiteS, scalar</column>
<column name="s_axi_AXILiteS_BRESP">out, 2, s_axi, AXILiteS, scalar</column>
<column name="ap_clk">in, 1, ap_ctrl_none, color_convert, return value</column>
<column name="ap_rst_n">in, 1, ap_ctrl_none, color_convert, return value</column>
<column name="control">in, 1, ap_ctrl_none, color_convert, return value</column>
<column name="ap_rst_n_control">in, 1, ap_ctrl_none, color_convert, return value</column>
<column name="stream_in_24_TDATA">in, 24, axis, stream_in_24_data, pointer</column>
<column name="stream_in_24_TVALID">in, 1, axis, stream_in_24_last_V, pointer</column>
<column name="stream_in_24_TREADY">out, 1, axis, stream_in_24_last_V, pointer</column>
<column name="stream_in_24_TLAST">in, 1, axis, stream_in_24_last_V, pointer</column>
<column name="stream_in_24_TUSER">in, 1, axis, stream_in_24_user_V, pointer</column>
<column name="stream_out_24_TDATA">out, 24, axis, stream_out_24_data, pointer</column>
<column name="stream_out_24_TREADY">in, 1, axis, stream_out_24_data, pointer</column>
<column name="stream_out_24_TVALID">out, 1, axis, stream_out_24_last_V, pointer</column>
<column name="stream_out_24_TLAST">out, 1, axis, stream_out_24_last_V, pointer</column>
<column name="stream_out_24_TUSER">out, 1, axis, stream_out_24_user_V, pointer</column>
</table>
</item>
</section>
</profile>
