<profile>

<RTLDesignHierarchy>
<TopModule>
<ModuleName>pixel_unpack</ModuleName>
</TopModule>
</RTLDesignHierarchy>

<ModuleInformation>
<Module>
<Name>pixel_unpack</Name>
<PerformanceEstimates>
<SummaryOfTimingAnalysis>
<TargetClockPeriod>7.00</TargetClockPeriod>
<ClockUncertainty>0.88</ClockUncertainty>
<EstimatedClockPeriod>2.302</EstimatedClockPeriod>
</SummaryOfTimingAnalysis>
<SummaryOfOverallLatency>
<Best-caseLatency>undef</Best-caseLatency>
<Average-caseLatency>undef</Average-caseLatency>
<Worst-caseLatency>undef</Worst-caseLatency>
<PipelineInitiationInterval>undef</PipelineInitiationInterval>
<PipelineType>none</PipelineType>
</SummaryOfOverallLatency>
<SummaryOfLoopLatency>
<Loop1>
<Name>Loop 1</Name>
<TripCount>undef</TripCount>
<Latency>undef</Latency>
<PipelineII>4</PipelineII>
<PipelineDepth>7</PipelineDepth>
</Loop1>
<Loop2>
<Name>Loop 2</Name>
<TripCount>undef</TripCount>
<Latency>undef</Latency>
<PipelineII>1</PipelineII>
<PipelineDepth>2</PipelineDepth>
</Loop2>
<Loop3>
<Name>Loop 3</Name>
<TripCount>undef</TripCount>
<Latency>undef</Latency>
<PipelineII>4</PipelineII>
<PipelineDepth>5</PipelineDepth>
</Loop3>
<Loop4>
<Name>Loop 4</Name>
<TripCount>undef</TripCount>
<Latency>undef</Latency>
<PipelineII>2</PipelineII>
<PipelineDepth>3</PipelineDepth>
</Loop4>
<Loop5>
<Name>Loop 5</Name>
<TripCount>undef</TripCount>
<Latency>undef</Latency>
<PipelineII>2</PipelineII>
<PipelineDepth>3</PipelineDepth>
</Loop5>
</SummaryOfLoopLatency>
</PerformanceEstimates>
<AreaEstimates>
<Resources>
<BRAM_18K>0</BRAM_18K>
<FF>394</FF>
<LUT>652</LUT>
<DSP48E>0</DSP48E>
<URAM>0</URAM>
</Resources>
</AreaEstimates>
<InterfaceSummary>
<RtlPorts>
<name>s_axi_AXILiteS_AWVALID</name>
<Object>AXILiteS</Object>
<Type>scalar</Type>
<Scope></Scope>
<IOProtocol>s_axi</IOProtocol>
<IOConfig>register</IOConfig>
<Dir>in</Dir>
<Bits>1</Bits>
<Attribute>unknown</Attribute>
<CType>int</CType>
<HasCtrl>0</HasCtrl>
</RtlPorts>
<RtlPorts>
<name>s_axi_AXILiteS_AWREADY</name>
<Object>AXILiteS</Object>
<Type>scalar</Type>
<Scope></Scope>
<IOProtocol>s_axi</IOProtocol>
<IOConfig>register</IOConfig>
<Dir>out</Dir>
<Bits>1</Bits>
<Attribute>unknown</Attribute>
<CType>int</CType>
<HasCtrl>0</HasCtrl>
</RtlPorts>
<RtlPorts>
<name>s_axi_AXILiteS_AWADDR</name>
<Object>AXILiteS</Object>
<Type>scalar</Type>
<Scope></Scope>
<IOProtocol>s_axi</IOProtocol>
<IOConfig>register</IOConfig>
<Dir>in</Dir>
<Bits>5</Bits>
<Attribute>unknown</Attribute>
<CType>int</CType>
<HasCtrl>0</HasCtrl>
</RtlPorts>
<RtlPorts>
<name>s_axi_AXILiteS_WVALID</name>
<Object>AXILiteS</Object>
<Type>scalar</Type>
<Scope></Scope>
<IOProtocol>s_axi</IOProtocol>
<IOConfig>register</IOConfig>
<Dir>in</Dir>
<Bits>1</Bits>
<Attribute>unknown</Attribute>
<CType>int</CType>
<HasCtrl>0</HasCtrl>
</RtlPorts>
<RtlPorts>
<name>s_axi_AXILiteS_WREADY</name>
<Object>AXILiteS</Object>
<Type>scalar</Type>
<Scope></Scope>
<IOProtocol>s_axi</IOProtocol>
<IOConfig>register</IOConfig>
<Dir>out</Dir>
<Bits>1</Bits>
<Attribute>unknown</Attribute>
<CType>int</CType>
<HasCtrl>0</HasCtrl>
</RtlPorts>
<RtlPorts>
<name>s_axi_AXILiteS_WDATA</name>
<Object>AXILiteS</Object>
<Type>scalar</Type>
<Scope></Scope>
<IOProtocol>s_axi</IOProtocol>
<IOConfig>register</IOConfig>
<Dir>in</Dir>
<Bits>32</Bits>
<Attribute>unknown</Attribute>
<CType>int</CType>
<HasCtrl>0</HasCtrl>
</RtlPorts>
<RtlPorts>
<name>s_axi_AXILiteS_WSTRB</name>
<Object>AXILiteS</Object>
<Type>scalar</Type>
<Scope></Scope>
<IOProtocol>s_axi</IOProtocol>
<IOConfig>register</IOConfig>
<Dir>in</Dir>
<Bits>4</Bits>
<Attribute>unknown</Attribute>
<CType>int</CType>
<HasCtrl>0</HasCtrl>
</RtlPorts>
<RtlPorts>
<name>s_axi_AXILiteS_ARVALID</name>
<Object>AXILiteS</Object>
<Type>scalar</Type>
<Scope></Scope>
<IOProtocol>s_axi</IOProtocol>
<IOConfig>register</IOConfig>
<Dir>in</Dir>
<Bits>1</Bits>
<Attribute>unknown</Attribute>
<CType>int</CType>
<HasCtrl>0</HasCtrl>
</RtlPorts>
<RtlPorts>
<name>s_axi_AXILiteS_ARREADY</name>
<Object>AXILiteS</Object>
<Type>scalar</Type>
<Scope></Scope>
<IOProtocol>s_axi</IOProtocol>
<IOConfig>register</IOConfig>
<Dir>out</Dir>
<Bits>1</Bits>
<Attribute>unknown</Attribute>
<CType>int</CType>
<HasCtrl>0</HasCtrl>
</RtlPorts>
<RtlPorts>
<name>s_axi_AXILiteS_ARADDR</name>
<Object>AXILiteS</Object>
<Type>scalar</Type>
<Scope></Scope>
<IOProtocol>s_axi</IOProtocol>
<IOConfig>register</IOConfig>
<Dir>in</Dir>
<Bits>5</Bits>
<Attribute>unknown</Attribute>
<CType>int</CType>
<HasCtrl>0</HasCtrl>
</RtlPorts>
<RtlPorts>
<name>s_axi_AXILiteS_RVALID</name>
<Object>AXILiteS</Object>
<Type>scalar</Type>
<Scope></Scope>
<IOProtocol>s_axi</IOProtocol>
<IOConfig>register</IOConfig>
<Dir>out</Dir>
<Bits>1</Bits>
<Attribute>unknown</Attribute>
<CType>int</CType>
<HasCtrl>0</HasCtrl>
</RtlPorts>
<RtlPorts>
<name>s_axi_AXILiteS_RREADY</name>
<Object>AXILiteS</Object>
<Type>scalar</Type>
<Scope></Scope>
<IOProtocol>s_axi</IOProtocol>
<IOConfig>register</IOConfig>
<Dir>in</Dir>
<Bits>1</Bits>
<Attribute>unknown</Attribute>
<CType>int</CType>
<HasCtrl>0</HasCtrl>
</RtlPorts>
<RtlPorts>
<name>s_axi_AXILiteS_RDATA</name>
<Object>AXILiteS</Object>
<Type>scalar</Type>
<Scope></Scope>
<IOProtocol>s_axi</IOProtocol>
<IOConfig>register</IOConfig>
<Dir>out</Dir>
<Bits>32</Bits>
<Attribute>unknown</Attribute>
<CType>int</CType>
<HasCtrl>0</HasCtrl>
</RtlPorts>
<RtlPorts>
<name>s_axi_AXILiteS_RRESP</name>
<Object>AXILiteS</Object>
<Type>scalar</Type>
<Scope></Scope>
<IOProtocol>s_axi</IOProtocol>
<IOConfig>register</IOConfig>
<Dir>out</Dir>
<Bits>2</Bits>
<Attribute>unknown</Attribute>
<CType>int</CType>
<HasCtrl>0</HasCtrl>
</RtlPorts>
<RtlPorts>
<name>s_axi_AXILiteS_BVALID</name>
<Object>AXILiteS</Object>
<Type>scalar</Type>
<Scope></Scope>
<IOProtocol>s_axi</IOProtocol>
<IOConfig>register</IOConfig>
<Dir>out</Dir>
<Bits>1</Bits>
<Attribute>unknown</Attribute>
<CType>int</CType>
<HasCtrl>0</HasCtrl>
</RtlPorts>
<RtlPorts>
<name>s_axi_AXILiteS_BREADY</name>
<Object>AXILiteS</Object>
<Type>scalar</Type>
<Scope></Scope>
<IOProtocol>s_axi</IOProtocol>
<IOConfig>register</IOConfig>
<Dir>in</Dir>
<Bits>1</Bits>
<Attribute>unknown</Attribute>
<CType>int</CType>
<HasCtrl>0</HasCtrl>
</RtlPorts>
<RtlPorts>
<name>s_axi_AXILiteS_BRESP</name>
<Object>AXILiteS</Object>
<Type>scalar</Type>
<Scope></Scope>
<IOProtocol>s_axi</IOProtocol>
<IOConfig>register</IOConfig>
<Dir>out</Dir>
<Bits>2</Bits>
<Attribute>unknown</Attribute>
<CType>int</CType>
<HasCtrl>0</HasCtrl>
</RtlPorts>
<RtlPorts>
<name>ap_clk</name>
<Object>pixel_unpack</Object>
<Type>return value</Type>
<Scope></Scope>
<IOProtocol>ap_ctrl_none</IOProtocol>
<IOConfig></IOConfig>
<Dir>in</Dir>
<Bits>1</Bits>
<Attribute>control</Attribute>
</RtlPorts>
<RtlPorts>
<name>ap_rst_n</name>
<Object>pixel_unpack</Object>
<Type>return value</Type>
<Scope></Scope>
<IOProtocol>ap_ctrl_none</IOProtocol>
<IOConfig></IOConfig>
<Dir>in</Dir>
<Bits>1</Bits>
<Attribute>control</Attribute>
</RtlPorts>
<RtlPorts>
<name>control</name>
<Object>pixel_unpack</Object>
<Type>return value</Type>
<Scope></Scope>
<IOProtocol>ap_ctrl_none</IOProtocol>
<IOConfig></IOConfig>
<Dir>in</Dir>
<Bits>1</Bits>
<Attribute>control</Attribute>
</RtlPorts>
<RtlPorts>
<name>ap_rst_n_control</name>
<Object>pixel_unpack</Object>
<Type>return value</Type>
<Scope></Scope>
<IOProtocol>ap_ctrl_none</IOProtocol>
<IOConfig></IOConfig>
<Dir>in</Dir>
<Bits>1</Bits>
<Attribute>control</Attribute>
</RtlPorts>
<RtlPorts>
<name>stream_in_32_TDATA</name>
<Object>stream_in_32_data_V</Object>
<Type>pointer</Type>
<Scope></Scope>
<IOProtocol>axis</IOProtocol>
<IOConfig>register, both mode</IOConfig>
<Dir>in</Dir>
<Bits>32</Bits>
<Attribute>data</Attribute>
<CType>int</CType>
</RtlPorts>
<RtlPorts>
<name>stream_in_32_TVALID</name>
<Object>stream_in_32_last_V</Object>
<Type>pointer</Type>
<Scope></Scope>
<IOProtocol>axis</IOProtocol>
<IOConfig>register, both mode</IOConfig>
<Dir>in</Dir>
<Bits>1</Bits>
<Attribute>control</Attribute>
<CType>int</CType>
</RtlPorts>
<RtlPorts>
<name>stream_in_32_TREADY</name>
<Object>stream_in_32_last_V</Object>
<Type>pointer</Type>
<Scope></Scope>
<IOProtocol>axis</IOProtocol>
<IOConfig>register, both mode</IOConfig>
<Dir>out</Dir>
<Bits>1</Bits>
<Attribute>control</Attribute>
<CType>int</CType>
</RtlPorts>
<RtlPorts>
<name>stream_in_32_TLAST</name>
<Object>stream_in_32_last_V</Object>
<Type>pointer</Type>
<Scope></Scope>
<IOProtocol>axis</IOProtocol>
<IOConfig>register, both mode</IOConfig>
<Dir>in</Dir>
<Bits>1</Bits>
<Attribute>data</Attribute>
<CType>int</CType>
</RtlPorts>
<RtlPorts>
<name>stream_in_32_TUSER</name>
<Object>stream_in_32_user_V</Object>
<Type>pointer</Type>
<Scope></Scope>
<IOProtocol>axis</IOProtocol>
<IOConfig>register, both mode</IOConfig>
<Dir>in</Dir>
<Bits>1</Bits>
<Attribute>data</Attribute>
<CType>int</CType>
</RtlPorts>
<RtlPorts>
<name>stream_out_24_TDATA</name>
<Object>stream_out_24_data_V</Object>
<Type>pointer</Type>
<Scope></Scope>
<IOProtocol>axis</IOProtocol>
<IOConfig>register, both mode</IOConfig>
<Dir>out</Dir>
<Bits>24</Bits>
<Attribute>data</Attribute>
<CType>int</CType>
</RtlPorts>
<RtlPorts>
<name>stream_out_24_TREADY</name>
<Object>stream_out_24_data_V</Object>
<Type>pointer</Type>
<Scope></Scope>
<IOProtocol>axis</IOProtocol>
<IOConfig>register, both mode</IOConfig>
<Dir>in</Dir>
<Bits>1</Bits>
<Attribute>control</Attribute>
<CType>int</CType>
</RtlPorts>
<RtlPorts>
<name>stream_out_24_TVALID</name>
<Object>stream_out_24_last_V</Object>
<Type>pointer</Type>
<Scope></Scope>
<IOProtocol>axis</IOProtocol>
<IOConfig>register, both mode</IOConfig>
<Dir>out</Dir>
<Bits>1</Bits>
<Attribute>control</Attribute>
<CType>int</CType>
</RtlPorts>
<RtlPorts>
<name>stream_out_24_TLAST</name>
<Object>stream_out_24_last_V</Object>
<Type>pointer</Type>
<Scope></Scope>
<IOProtocol>axis</IOProtocol>
<IOConfig>register, both mode</IOConfig>
<Dir>out</Dir>
<Bits>1</Bits>
<Attribute>data</Attribute>
<CType>int</CType>
</RtlPorts>
<RtlPorts>
<name>stream_out_24_TUSER</name>
<Object>stream_out_24_user_V</Object>
<Type>pointer</Type>
<Scope></Scope>
<IOProtocol>axis</IOProtocol>
<IOConfig>register, both mode</IOConfig>
<Dir>out</Dir>
<Bits>1</Bits>
<Attribute>data</Attribute>
<CType>int</CType>
</RtlPorts>
</InterfaceSummary>
</Module>
</ModuleInformation>

</profile>
